googleid,name
19W3R5__U-L9V04bG9U72lhBHA4UhnfWq,000002
19SOpdQ2gDg4LtCoFqGx8wBxhBDoYS6w_,000005
19NPc1I1rkP-IsBaUF6PxoZWakJvZe377,000010
19C1qeyHiNofs522W_7K0hzy9rPLXTb2r,000140
19AE5KwXPtGwzVgXNCZndZuAsldYpMEzL,000141
197G1pVHy314e_PimltCNtUW-mYXfrwO2,000148
195Ye3H2TnWpkzt22396cetZqxmqzG7rm,000182
192QLbqyTqZGiff_xb0ohZIp7jcMWLWtA,000190
191Cn6MleNUop-a99IL-aZrXfUwXmRPip,000193
1916cl2EJIdafdIkpDB4xlcwfAio-aIX2,000194
19-PCype2pFaKvG6nhegl2u9lF0hSQGtb,000197
18xhCym5QTmEOhEC_T-w9jF3mN56vp_XB,000200
18rlLSHZFVrQf_Q-Sda79TybrRugLdFjb,000213
18mpyo7OAfAIO5EdpLTCHfXhEel9q01cE,000255
18jHuAF16HYupkJTMmop74EvYPgptvshG,000256
1AYKCNOonNhsbrLUYqymBO5gXtiLIAx_z,000368
1ARLPgMnDWBKUksNhwLIwQd4EtI_PiVls,000424
1ALtSHjfk-M8jXxJp8n2FozTzUdp09Jnw,000459
1AFw_moSub2-BmTDzOs-x1kpJl2XDJqqN,000574
1AECp7p-3juPZBnRlyZLTEIgjpjk3CkFI,000615
1ACevNtwYX4nusMWjvyxCCJJTrrHUEFpH,000666
1ABoYz5S0be57n6QcoVjVzG21WF0VxvXz,000667
1ABkbEefvLJ9zudy_xGXWvDWYy00Yo8DR,000676
1A-VBdEPTgBn1ZXzdOoulPsRwUT_To2JP,000690
19v6zjF3w2lX8XCbmQfP3SxK85AT_KvCo,000694
19j7aAVl22ZdgQw1zw10vQo7Llfcoeprc,000695
19fqkVUbeG5XLdvfhMbj5DwcyrY8AcZ9r,000704
19eJZjD5sDu6TpsxNgX7ghT4BPzmv8YeS,000705
19bIp6G1-NPcqPl3XPExc534uIDlBSKMA,000706
19Y1y--VX9ePZVJC1Cgz3qoFcKouhLsWg,000707
1Bmqi_tTmJvmF7mfclhxqdDMGveZiYeXT,000708
1Bl_9UYDE_N-BfeuLrl9kFLF538JOpYr6,000821
1BjIfkCImow26pgbR1VCe4qcVLdhKIdJy,000822
1BbQpeV6VLkBgKEBYHj3vQNHVGIb_2vgO,000897
1B_l1Vqa95H1B9Ujj0J3HrW5nzzNqd9N5,000995
1BZWPJQa4Vc3HDYPL5XfEsxOQh9uV2Z9e,000997
1BRODpdRH-0Pyr1oSPkviKk_k0Q4i1Ktv,000998
1BRJSG6XnAvsiK7l-nmWk7W4WmQjbxCjc,001482
1BK3JGlcYzF-Fyc0-379AHW-mojNfcjxx,001642
1B4C_3we_oHcRPT_eNz_ZU3IPtdMYfec7,001644
1B0xREU_jFdSbaWLNJXKQpChS9e_4xGXo,001649
1ArKemY6dmPQ9Xie_yAyK3WxKSqYMA75d,003573
1ApFkMSZ6E2E5l1clvRS-G9eFrSOO8QIt,004519
1AlYnuYuiP5WFyNK9-L8F7vrA0CMYDqT9,004520
1A_TrlKEtpemI-5wHUtEZ8jcjw6oyxaGQ,004521
1CLeGudNxjdh6Qi3Y1orP2IgCOaHywG17,004522
1CF3Lm3yZj5JswbrM6x769LKH25BQ4jGv,004682
1CEYQQZve25qKeMgbhIKqS_59I62QQaNB,004684
1CCxM1iNNN5Jc446rsmvgM4DFVO7hUgl2,007011
1CASMgjzoU9EWp3bYf6GQ2gECRAJH_1Ll,010250
1CA4WXRLWOxYPa78MJHPGCgOqM2nxBbzN,011638
1C6i-eXUCfefLtOJ0lB98RyDTlfiZeTeL,014568
1C32j1WXKUrXRNOFEx1k2OYvv0mGqDtB-,014569
1C18eEdGT4WrawxL06j6HUMu30NmCeFv5,014570
1C0LhOHU-E8GLXkhXvJfl_brlw-wunA9L,014571
1BoVzZNfirLkLLcQaIubYNXuZEoQdOAi-,014572
